{"acc": 0.9997355796471877, "precision": 0.9996374371989434, "recall": 1.0, "f1": 0.999818685730567, "f2": 0.999927466401401, "roc": 0.9996934026491108, "threshold": 0.097}